"ChatGPT, DALL-E, Midjourney 만으로 게임을 만들수 있다."
DALL-E 3 사용법 및 평가(Copilot)
달리2(DALL-E 2)를 활용한 AI그림으로 이미지 생성 수정하는 방법
그림 이미지 그려주는 인공지능 OpenAI DALL·E 2 사진 만드는 사용방법
05. 네이버 클로바 X(CLOVA X) 프롬프트 엔지니어링 사용 사례
"오픈AI, 앤드류 응도 놀란 DALL·E 공개...GPT-3 원리로 획기적인 이미지 제작"
"키보드 화가 DALL-E 3 , 한글로 1분이면 AI 이미지 완성"
"빙 챗 DALL-E 3 AI 이미지 생성 무료 제공, 챗GPT보다 먼저 적용되다"
인공지능 화가 DALL-E 2(달리2)가 그려준 나의 초상화는?
"[챗GPT 사용법] 최근 ChatGPT-4 업데이트된 내용(Bing 검색, Advanced Data Analysis,Dall-e 3 통합)"
IT 기술 따라잡기 :: Openai cookbook : DALL-E - How to generate and edit images with DALL-E
ChatGPT에서 DALL-E 3로 AI그림을 생성해보자
AI도 창작할 수 있을까? 1편ㅣDALLEㅣOpenAIㅣ머신러닝ㅣ딥러닝ㅣ구글
ChatGPT가 Dall-E 3와 만나니 AI 이미지 생성 어렵지 않아요.
쳇 GPT와 달리 3(DALL-E 3)으로 이미지 만들기 실버스타 강의 후기
달리2(DALL-E 2)를 활용한 AI 사진 가져오는 방법
"Dall-e 2, 그리고 Midjourney의 이해"
DALL-E 2의 무시무시한 기능: 그림 이어 그리기
"강의: ⑧생성형 AI를 활용한 블로그 콘텐츠 제작: 챗GPT, DALL-E 3, 구글 Bard"
chat GPT 4를 활용해 DALL-E 3로 이미지 생성하는 방법
Bing 달리 3 (DALL·E 3) 사용 후기
챗GPT DALL·E 3 통합! ChatGPT 이미지 그림 생성 방법
[생각 #37] Dall-e 인공지능(AI) 아트
DALL-E 사용법: 초보자를 위한 AI 그림 이미지 만들기
AI 그림 무료 그려주는 사이트 DALL-E 2
DALL·E 2 말과 글을 시각화 해주는 AI 시스템
DALL-E 2 - 텍스트에서 이미지를 생성한다
챗GPT(ChatGPT)에 완전 통합해 대화에서 이미지를 생성할 수 있는 인공지능AI 'DALL-E 3(달리3)'를... 
인공지능 페인팅 DALL-E 2 예시 영어 문장 & 그림 저작권에 대한 이야기
AI 그림 도전 : 달리(Dall-E 2) 사용방법! 챗GPT가 알려준 꿀팁이면 단번에 중급까지 점프 업~
IT 기술 따라잡기 :: Openai cookbook : DALL-E - How to generate and edit images with DALL-E
ChatGPT에서 DALL-E 3로 AI그림을 생성해보자
AI도 창작할 수 있을까? 1편ㅣDALLEㅣOpenAIㅣ머신러닝ㅣ딥러닝ㅣ구글
ChatGPT가 Dall-E 3와 만나니 AI 이미지 생성 어렵지 않아요.
쳇 GPT와 달리 3(DALL-E 3)으로 이미지 만들기 실버스타 강의 후기
달리2(DALL-E 2)를 활용한 AI 사진 가져오는 방법
"Dall-e 2, 그리고 Midjourney의 이해"
DALL-E 2의 무시무시한 기능: 그림 이어 그리기
"강의: ⑧생성형 AI를 활용한 블로그 콘텐츠 제작: 챗GPT, DALL-E 3, 구글 Bard"
chat GPT 4를 활용해 DALL-E 3로 이미지 생성하는 방법
Bing 달리 3 (DALL·E 3) 사용 후기
챗GPT DALL·E 3 통합! ChatGPT 이미지 그림 생성 방법
[생각 #37] Dall-e 인공지능(AI) 아트
DALL-E 사용법: 초보자를 위한 AI 그림 이미지 만들기
AI 그림 무료 그려주는 사이트 DALL-E 2
DALL·E 2 말과 글을 시각화 해주는 AI 시스템
DALL-E 2 - 텍스트에서 이미지를 생성한다
챗GPT(ChatGPT)에 완전 통합해 대화에서 이미지를 생성할 수 있는 인공지능AI 'DALL-E 3(달리3)'를... 
인공지능 페인팅 DALL-E 2 예시 영어 문장 & 그림 저작권에 대한 이야기
AI 그림 도전 : 달리(Dall-E 2) 사용방법! 챗GPT가 알려준 꿀팁이면 단번에 중급까지 점프 업~
ChatGPT의 새로운 Dall-E 3 통합으로 이미지 생성하기
DALL-E 2 살펴보기 - 3(명령어 실습)
Midjourney vs Dall-E vs Stable Diffusion 어느 생성 이미지가 맘에 드시는지?
AI 이미지 생성하는 방법 DALL.E (feat. canva)
DALL·E 2(6-10)
"DALL-E 2 (달리 2) 프롬프트의 구조, 다양한 종류의 명령어 및 각각을 구성하는 방법"
DALL-E나 Midjourney와 같은 인공지능 시스템이 창의적인 작업을 수행할 수 있을까?
강력한 AI 그림 사이트 DALL-E 2 사용 방법
DALL·E 2공개
AI 예술성의 진화: DALL·E 3와 창의적인 챗봇의 미래 :: Developer
Bing 달리 3 (DALL·E 3) 사용 후기
챗GPT DALL·E 3 통합! ChatGPT 이미지 그림 생성 방법
[생각 #37] Dall-e 인공지능(AI) 아트
DALL-E 사용법: 초보자를 위한 AI 그림 이미지 만들기
AI 그림 무료 그려주는 사이트 DALL-E 2
DALL·E 2 말과 글을 시각화 해주는 AI 시스템
DALL-E 2 - 텍스트에서 이미지를 생성한다
챗GPT(ChatGPT)에 완전 통합해 대화에서 이미지를 생성할 수 있는 인공지능AI 'DALL-E 3(달리3)'를... 
인공지능 페인팅 DALL-E 2 예시 영어 문장 & 그림 저작권에 대한 이야기
AI 그림 도전 : 달리(Dall-E 2) 사용방법! 챗GPT가 알려준 꿀팁이면 단번에 중급까지 점프 업~
ChatGPT의 새로운 Dall-E 3 통합으로 이미지 생성하기
DALL-E 2 살펴보기 - 3(명령어 실습)
Midjourney vs Dall-E vs Stable Diffusion 어느 생성 이미지가 맘에 드시는지?
AI 이미지 생성하는 방법 DALL.E (feat. canva)
DALL·E 2(6-10)
"DALL-E 2 (달리 2) 프롬프트의 구조, 다양한 종류의 명령어 및 각각을 구성하는 방법"
DALL-E나 Midjourney와 같은 인공지능 시스템이 창의적인 작업을 수행할 수 있을까?
강력한 AI 그림 사이트 DALL-E 2 사용 방법
DALL·E 2공개
AI 예술성의 진화: DALL·E 3와 창의적인 챗봇의 미래 :: Developer
"자유시간 :: '바이크를 타는 피카츄', '아보카도 의자' 등의 문장으로 그림과 사진을 생성하는 AI 'DALL·E'"
챗GPT ☞ ChatGPT와 DALL.E 사용법
텍스트를 이미지로 바꿔주는 AI 툴 DALL·E 사용법
"[언리밋- 마지막 무료 강의] AI 이미지 생성 도구 비교- 스테이블 디퓨전, 미드저니, DALL-E 3 AI 이미지... "
"gpt API요금, 모델별 가격(gpt-3.5, 4-1106, DALL.E, Whisper 등)"
[실습] 인지 서비스로 이미지 분석 및 이미지 생성(DALL-E 2)
ChatGPT에서 바로 DALL-E 3 사용한 이미지 생성이 가능해지다
"프롬프트 - ChatGPT ""DALL-E"""
"캔바 8 AI캔바 1 (Magic Media, DALL-E, Magic Edit, Magic Expand, Magic Grab, 텍스트 추출... "
[알쓸챗미 무료강의] ChatGPT 내 Dall-E 3 활용법 후기
ChatGPT의 새로운 Dall-E 3 통합으로 이미지 생성하기
DALL-E 2 살펴보기 - 3(명령어 실습)
Midjourney vs Dall-E vs Stable Diffusion 어느 생성 이미지가 맘에 드시는지?
AI 이미지 생성하는 방법 DALL.E (feat. canva)
DALL·E 2(6-10)
"DALL-E 2 (달리 2) 프롬프트의 구조, 다양한 종류의 명령어 및 각각을 구성하는 방법"
DALL-E나 Midjourney와 같은 인공지능 시스템이 창의적인 작업을 수행할 수 있을까?
강력한 AI 그림 사이트 DALL-E 2 사용 방법
DALL·E 2공개
AI 예술성의 진화: DALL·E 3와 창의적인 챗봇의 미래 :: Developer
"자유시간 :: '바이크를 타는 피카츄', '아보카도 의자' 등의 문장으로 그림과 사진을 생성하는 AI 'DALL·E'"
챗GPT ☞ ChatGPT와 DALL.E 사용법
텍스트를 이미지로 바꿔주는 AI 툴 DALL·E 사용법
"[언리밋- 마지막 무료 강의] AI 이미지 생성 도구 비교- 스테이블 디퓨전, 미드저니, DALL-E 3 AI 이미지... "
"gpt API요금, 모델별 가격(gpt-3.5, 4-1106, DALL.E, Whisper 등)"
[실습] 인지 서비스로 이미지 분석 및 이미지 생성(DALL-E 2)
ChatGPT에서 바로 DALL-E 3 사용한 이미지 생성이 가능해지다
"프롬프트 - ChatGPT ""DALL-E"""
"캔바 8 AI캔바 1 (Magic Media, DALL-E, Magic Edit, Magic Expand, Magic Grab, 텍스트 추출... "
[알쓸챗미 무료강의] ChatGPT 내 Dall-E 3 활용법 후기
"[Dall-E 3, 달리3] 오픈AI가 개발한 이미지 AI 생성기 '무료'로 써봐요! w. 사용방법"
DALL-E(달리)를 이용한 이미지 생성사례 / Love Story / 디지털콘텐츠큐레이터 황선웅
DALL-E 3 공개!! 10월 초 ChatGPT Plus에 도입
OpenAI의 대박 발표! DALL-E 3 (달리3)
chatGPT DALL-E를 이용하여 사이버 보안과 관련된 썸네일을 만들어보았어요.
"AI 툴 소개(GPT-4, DALL-E, Google Duplex, IBM Watson 등)"
이미지 생성형 AI 4종 비교: bing Image Creator(DALL-E3 엔진) vs DALL-E 2 vs midjourney vs... 
무료 A.I 이미지 생성 프로그램 DALL E 3로 저작권 걱정 없이 이미지를 생성하고 활용하여 브랜딩 하자
Chat GPT 4.0 이미지 그리기 무료로 쓰는 법 (DALL-E 쓰기)
"미국 Ai 인공지능 ChatGPT, DALL-E 관련 기업 OPEN AI 알아보기"
"자유시간 :: '바이크를 타는 피카츄', '아보카도 의자' 등의 문장으로 그림과 사진을 생성하는 AI 'DALL·E'"
챗GPT ☞ ChatGPT와 DALL.E 사용법
텍스트를 이미지로 바꿔주는 AI 툴 DALL·E 사용법
"[언리밋- 마지막 무료 강의] AI 이미지 생성 도구 비교- 스테이블 디퓨전, 미드저니, DALL-E 3 AI 이미지... "
"gpt API요금, 모델별 가격(gpt-3.5, 4-1106, DALL.E, Whisper 등)"
[실습] 인지 서비스로 이미지 분석 및 이미지 생성(DALL-E 2)
ChatGPT에서 바로 DALL-E 3 사용한 이미지 생성이 가능해지다
"프롬프트 - ChatGPT ""DALL-E"""
"캔바 8 AI캔바 1 (Magic Media, DALL-E, Magic Edit, Magic Expand, Magic Grab, 텍스트 추출... "
[알쓸챗미 무료강의] ChatGPT 내 Dall-E 3 활용법 후기
"[Dall-E 3, 달리3] 오픈AI가 개발한 이미지 AI 생성기 '무료'로 써봐요! w. 사용방법"
DALL-E(달리)를 이용한 이미지 생성사례 / Love Story / 디지털콘텐츠큐레이터 황선웅
DALL-E 3 공개!! 10월 초 ChatGPT Plus에 도입
OpenAI의 대박 발표! DALL-E 3 (달리3)
chatGPT DALL-E를 이용하여 사이버 보안과 관련된 썸네일을 만들어보았어요.
"AI 툴 소개(GPT-4, DALL-E, Google Duplex, IBM Watson 등)"
이미지 생성형 AI 4종 비교: bing Image Creator(DALL-E3 엔진) vs DALL-E 2 vs midjourney vs... 
무료 A.I 이미지 생성 프로그램 DALL E 3로 저작권 걱정 없이 이미지를 생성하고 활용하여 브랜딩 하자
Chat GPT 4.0 이미지 그리기 무료로 쓰는 법 (DALL-E 쓰기)
"미국 Ai 인공지능 ChatGPT, DALL-E 관련 기업 OPEN AI 알아보기"
OPEN AI 의 달리2 DALL-E 2 그림 아이디어 얻기
"[인공지능] OpenAI의 새 DALL-E 시리즈, DALL-E 3 공개"
"""Dall E 3 + ChatGPT로 창의력을 극대화하는 방법"""
"""DALL-E: OpenAI의 혁신적인 AI 이미지 생성기"""
DALL-E 3 DALLE 이해하기: Bing Image Creator 무료로 이미지 만드는 방법
ChatGPT에 글을 쓰면 이미지를 만들어주는 Dall-E 3 공개
DALL-E 3를 이용한 한글 손글씨 생성 가이드
[AI] Bing 브라우저를 활용한 DALL-E 3 AI 그림 그리는 법
대화형 이미지 생성 DALL·E 3 이 왔다.
"JK의 정보 블로그 :: 빙 이미지 크리에이터 사용법, 프롬프트 예제 (달리 Dall-E 3 예제)"
"[Dall-E 3, 달리3] 오픈AI가 개발한 이미지 AI 생성기 '무료'로 써봐요! w. 사용방법"
DALL-E(달리)를 이용한 이미지 생성사례 / Love Story / 디지털콘텐츠큐레이터 황선웅
DALL-E 3 공개!! 10월 초 ChatGPT Plus에 도입
OpenAI의 대박 발표! DALL-E 3 (달리3)
chatGPT DALL-E를 이용하여 사이버 보안과 관련된 썸네일을 만들어보았어요.
"AI 툴 소개(GPT-4, DALL-E, Google Duplex, IBM Watson 등)"
이미지 생성형 AI 4종 비교: bing Image Creator(DALL-E3 엔진) vs DALL-E 2 vs midjourney vs... 
무료 A.I 이미지 생성 프로그램 DALL E 3로 저작권 걱정 없이 이미지를 생성하고 활용하여 브랜딩 하자
Chat GPT 4.0 이미지 그리기 무료로 쓰는 법 (DALL-E 쓰기)
"미국 Ai 인공지능 ChatGPT, DALL-E 관련 기업 OPEN AI 알아보기"
OPEN AI 의 달리2 DALL-E 2 그림 아이디어 얻기
"[인공지능] OpenAI의 새 DALL-E 시리즈, DALL-E 3 공개"
"""Dall E 3 + ChatGPT로 창의력을 극대화하는 방법"""
"""DALL-E: OpenAI의 혁신적인 AI 이미지 생성기"""
DALL-E 3 DALLE 이해하기: Bing Image Creator 무료로 이미지 만드는 방법
ChatGPT에 글을 쓰면 이미지를 만들어주는 Dall-E 3 공개
DALL-E 3를 이용한 한글 손글씨 생성 가이드
[AI] Bing 브라우저를 활용한 DALL-E 3 AI 그림 그리는 법
대화형 이미지 생성 DALL·E 3 이 왔다.
"JK의 정보 블로그 :: 빙 이미지 크리에이터 사용법, 프롬프트 예제 (달리 Dall-E 3 예제)"
"오픈AI, 이미지 생성 AI 'DALL-E 3'"
"AI 그림을 뽑을 수 있는 모든 사이트 | 인공지능, 그림, 사이트, DALL-E 2, Midjourney, 크레용... "
[정보 공유] 나만의 캐릭터 '무료' 이미지 만들기 Chat GPT AI Image Creator - Dall E 사용 방법
[AI그림 그려봤니?] DALL-E 2 가입 및 사용방법 총정리
Bing에 탑재된 DALL-E 기반 인공지능 이미지 생성기 (생성 무제한)
DALL-E :: 그림을 그려주는 Open AI의 서비스
"AI 이미지 생성: 컴퓨터가 그린 그림, 진짜일까요? Bing에서 무료로 dall-e활용"
"블로그 썸네일 만드는 AI프로그램 무료 공개, 인디데이 Thumbnail Maker with DALL-E"
마이크로소프트 Bing Image Creator - 인공지능 'DALL-E'가 그려주는 그림
빙 ai 이미지 생성도 가능 (feat. Dall E)
OPEN AI 의 달리2 DALL-E 2 그림 아이디어 얻기
"[인공지능] OpenAI의 새 DALL-E 시리즈, DALL-E 3 공개"
"""Dall E 3 + ChatGPT로 창의력을 극대화하는 방법"""
"""DALL-E: OpenAI의 혁신적인 AI 이미지 생성기"""
DALL-E 3 DALLE 이해하기: Bing Image Creator 무료로 이미지 만드는 방법
ChatGPT에 글을 쓰면 이미지를 만들어주는 Dall-E 3 공개
DALL-E 3를 이용한 한글 손글씨 생성 가이드
[AI] Bing 브라우저를 활용한 DALL-E 3 AI 그림 그리는 법
대화형 이미지 생성 DALL·E 3 이 왔다.
"JK의 정보 블로그 :: 빙 이미지 크리에이터 사용법, 프롬프트 예제 (달리 Dall-E 3 예제)"
"오픈AI, 이미지 생성 AI 'DALL-E 3'"
"AI 그림을 뽑을 수 있는 모든 사이트 | 인공지능, 그림, 사이트, DALL-E 2, Midjourney, 크레용... "
[정보 공유] 나만의 캐릭터 '무료' 이미지 만들기 Chat GPT AI Image Creator - Dall E 사용 방법
[AI그림 그려봤니?] DALL-E 2 가입 및 사용방법 총정리
Bing에 탑재된 DALL-E 기반 인공지능 이미지 생성기 (생성 무제한)
DALL-E :: 그림을 그려주는 Open AI의 서비스
"AI 이미지 생성: 컴퓨터가 그린 그림, 진짜일까요? Bing에서 무료로 dall-e활용"
"블로그 썸네일 만드는 AI프로그램 무료 공개, 인디데이 Thumbnail Maker with DALL-E"
마이크로소프트 Bing Image Creator - 인공지능 'DALL-E'가 그려주는 그림
빙 ai 이미지 생성도 가능 (feat. Dall E)
챗 GPT DALL-E
글 입력하면 그림 그려주는 ai서비스_DALL-E 2
"AI 무료 이미지 생성 사이트 추천 마이크로소프트 Bing, DALL-E"
CHAT GPT를 만든 OPEN AI에서 개발한 AI 이미지 생성기 DALL-E 결제 사용 후기
"달리-E 2(Dall-E 2, 인공지능 예술가) 가입 및 이용(사용) 방법"
[DALL·E 2] 그림그리는 인공지능 달리2!
[Ask ai] DALL-E 2 를 이용하여 블로그 배경을 바꾸기
이미지 생성 AI 달리 3(DALL-E 3) 무료로 이용하기 :: Microsoft Bing
DALL-E 3 무료 이용 방법 & 유료 버전 혜택
인공지능 생성: 알고리즘이 창의력을 발휘할 때! | 채팅GPT | DALL-E
"오픈AI, 이미지 생성 AI 'DALL-E 3'"
"AI 그림을 뽑을 수 있는 모든 사이트 | 인공지능, 그림, 사이트, DALL-E 2, Midjourney, 크레용... "
[정보 공유] 나만의 캐릭터 '무료' 이미지 만들기 Chat GPT AI Image Creator - Dall E 사용 방법
[AI그림 그려봤니?] DALL-E 2 가입 및 사용방법 총정리
Bing에 탑재된 DALL-E 기반 인공지능 이미지 생성기 (생성 무제한)
DALL-E :: 그림을 그려주는 Open AI의 서비스
"AI 이미지 생성: 컴퓨터가 그린 그림, 진짜일까요? Bing에서 무료로 dall-e활용"
"블로그 썸네일 만드는 AI프로그램 무료 공개, 인디데이 Thumbnail Maker with DALL-E"
마이크로소프트 Bing Image Creator - 인공지능 'DALL-E'가 그려주는 그림
빙 ai 이미지 생성도 가능 (feat. Dall E)
챗 GPT DALL-E
글 입력하면 그림 그려주는 ai서비스_DALL-E 2
"AI 무료 이미지 생성 사이트 추천 마이크로소프트 Bing, DALL-E"
CHAT GPT를 만든 OPEN AI에서 개발한 AI 이미지 생성기 DALL-E 결제 사용 후기
"달리-E 2(Dall-E 2, 인공지능 예술가) 가입 및 이용(사용) 방법"
[DALL·E 2] 그림그리는 인공지능 달리2!
[Ask ai] DALL-E 2 를 이용하여 블로그 배경을 바꾸기
이미지 생성 AI 달리 3(DALL-E 3) 무료로 이용하기 :: Microsoft Bing
DALL-E 3 무료 이용 방법 & 유료 버전 혜택
인공지능 생성: 알고리즘이 창의력을 발휘할 때! | 채팅GPT | DALL-E
이미지 만드는 ChatGPT의 탄생 DALL-E 3공식 발표
AI 이미지 크리에이터 | DALL-E 2 소개와 사용법
DALL·E | 인공지능으로 일러스트 작업 효율화하기
[DALL-E] BingDraw에서 크레디트
Dall-e AI Art(그림 인공지능)
Bing에 이미지 생성 AI「DALL・E」에 의한「Bing Image Creator」추가
빙 이미지 크리에이터로 DALL-E(달리) 무료로 이용하기
"[OpenAI DevDay] GPT-4 Turbo, DALL-E 3, Assistants API, ... 놀라운 혁신 발표"
[Data 이모저모] DALL·E란 무엇인가? :: Data & Graph
[AI이미지생성]Bing 이미지 크리에이터 [DALL-E기반]*
챗 GPT DALL-E
글 입력하면 그림 그려주는 ai서비스_DALL-E 2
"AI 무료 이미지 생성 사이트 추천 마이크로소프트 Bing, DALL-E"
CHAT GPT를 만든 OPEN AI에서 개발한 AI 이미지 생성기 DALL-E 결제 사용 후기
"달리-E 2(Dall-E 2, 인공지능 예술가) 가입 및 이용(사용) 방법"
[DALL·E 2] 그림그리는 인공지능 달리2!
[Ask ai] DALL-E 2 를 이용하여 블로그 배경을 바꾸기
이미지 생성 AI 달리 3(DALL-E 3) 무료로 이용하기 :: Microsoft Bing
DALL-E 3 무료 이용 방법 & 유료 버전 혜택
인공지능 생성: 알고리즘이 창의력을 발휘할 때! | 채팅GPT | DALL-E
이미지 만드는 ChatGPT의 탄생 DALL-E 3공식 발표
AI 이미지 크리에이터 | DALL-E 2 소개와 사용법
DALL·E | 인공지능으로 일러스트 작업 효율화하기
[DALL-E] BingDraw에서 크레디트
Dall-e AI Art(그림 인공지능)
Bing에 이미지 생성 AI「DALL・E」에 의한「Bing Image Creator」추가
빙 이미지 크리에이터로 DALL-E(달리) 무료로 이용하기
"[OpenAI DevDay] GPT-4 Turbo, DALL-E 3, Assistants API, ... 놀라운 혁신 발표"
[Data 이모저모] DALL·E란 무엇인가? :: Data & Graph
[AI이미지생성]Bing 이미지 크리에이터 [DALL-E기반]*
DALL-E 달리2 ai 그림 내가 쓴 글이 그림이 된다면?
[pynecone] Dall-E 2 이미지 생성 앱 만들기③ #컴포넌트
Microsoft Bing 한글 Image Creator │무료 달리 3(DALL-E 3) │건축 인테리어 패션 제품 프롬프트
DALL-E 2 사용 방법
Microsoft Poll: Users Split On Wanting Faster Bing Chat & DALL-E 3.0
dall-e 2 기반 이미지 생성 셔터스톡 AI 사용법 및 Shutterstock 저작권 정보
chatGPT DALL E. 3 vs Bing Image Creator vs Mid-journey
이미지 만드는 ChatGPT의 탄생 DALL-E 3공식 발표
AI 이미지 크리에이터 | DALL-E 2 소개와 사용법
DALL·E | 인공지능으로 일러스트 작업 효율화하기
[DALL-E] BingDraw에서 크레디트
Dall-e AI Art(그림 인공지능)
Bing에 이미지 생성 AI「DALL・E」에 의한「Bing Image Creator」추가
빙 이미지 크리에이터로 DALL-E(달리) 무료로 이용하기
"[OpenAI DevDay] GPT-4 Turbo, DALL-E 3, Assistants API, ... 놀라운 혁신 발표"
[Data 이모저모] DALL·E란 무엇인가? :: Data & Graph
[AI이미지생성]Bing 이미지 크리에이터 [DALL-E기반]*
DALL-E 달리2 ai 그림 내가 쓴 글이 그림이 된다면?
[pynecone] Dall-E 2 이미지 생성 앱 만들기③ #컴포넌트
Microsoft Bing 한글 Image Creator │무료 달리 3(DALL-E 3) │건축 인테리어 패션 제품 프롬프트
DALL-E 2 사용 방법
Microsoft Poll: Users Split On Wanting Faster Bing Chat & DALL-E 3.0
dall-e 2 기반 이미지 생성 셔터스톡 AI 사용법 및 Shutterstock 저작권 정보
chatGPT DALL E. 3 vs Bing Image Creator vs Mid-journey
