칼럼 | 테일러 스위프트 딥페이크 사태와 ‘마이크로소프트’
"ETRI, 문장 입력하면 2초만에 이미지 뚝딱 만든다"
스마트 세상의 이모저모: 교차로와 신호등
"[투자의 창] GPT 스토어, 애플 왕국을 위협할 수 있을까"
"[인공지능 줌인] ""AI 두렵지 않다"" 취업 시장에서 AI에 정면 승부하는 Z세대들"
"앱처럼 모두가 챗GPT 쓰는 시대 올까, GPT스토어 들여다보니"
설 연휴 총 3071만명 이동...교통사고·사망자 '감소'
"미리캔버스, 업계 첫 ‘DALL·E 3’ 이미지 생성 AI 모델 도입"
"[단독] “내 그림을, 나를 무단 학습한 AI를 고발한다”…할리우드의 봉기"
'AI 동맹' 찾는 오픈AI…왜?
"마이크로소프트, 코파일럿에 GPT-4 DALL-E 통합한다"
"같은 기술 다른 결과, 챗gpt와 Bing에서 인공지능 AI 그림 툴, DALL-E 3 비교"
"오픈AI, 챗GPT와 함께 달리3(DALL-E 3) 출시"
"챗gpt가 열어준 인공지능 AI 그림 툴, DALL-E 3는 한국도 잘 그린다"
'AI 동맹' 찾는 오픈AI…왜?
"ETRI, 초고속 생성형 시각AI 개발"
'초강력 무기' 챗GPT vs '무료 제공' 바드…AI 시대 승자는?
"The People v. Meta, Marques Brownlee on YouTube and Future Tech, and DALL-E 3 Arrives"
스마트 세상의 이모저모: 교차로와 신호등
"Fake and Explicit Images of Taylor Swift Started on 4chan, Study Says"
스위프트 딥페이크 알고보니…'포챈'서 게임하듯 시작
"ETRI, 문장 입력하면 2초 만에 뚝딱 이미지 만든다"
"[칸 라이언즈 2023] 'ChatGPT, DALL·E 및 창의성의 미래' 세미나"
"""챗GPT와 달리(DALL-E)는 크리에이티비티의 적일까, 친구일까""… 오픈AI COO, 칸 라이언즈에"
인공지능의 직관: Intuition of AI
Mastercard's Shopping Muse: A New Era in AI-Driven E-commerce Personalization
"""대기업 가면 1억원 받는데…"" AI 고급인력은 어디에"
An Artist in Residence on A.I.’s Territory
소비의 불확실성이 높아질수록 타인의 정보 가치는 더 커진다
"Watermarking ChatGPT, DALL-E and other generative AIs could help protect against fraud and misinformation"
"MS, 검색엔진으로 AI와의 대화에 이어 이미지 생성 작업까지…빙·에지에 DALL-E 추가"
"런웨이, 영상 변환 툴 'Gen-1' 공개...DALL-E·챗GPT와 함께 생성형 AI 열풍 이을까?"
"MS, 자사 앱에 AI 이미지 생성 프로그램 'DALL-E 2' 추가"
텍스트로 사용자 맞춤 이미지 만드는 인공지능 '달리2(DALL-E 2)'...MS '애저 오픈AI 서비스'에서 제공
"씨큐브코딩, 입학설명회 진행"
"Meet Mira Murati, the Engineer Now Leading OpenAI"
"""무엇이든 그려줄게""...DALL-E를 속이는 넌센스 언어"
DALL-E로 만든 이미지는 누구 것? 법률 AI 전문가들이 답하다
"달리(DALL-E)가 대체할 직업 1순위는? ""일러스트레이터"""
이미지 생성 AI 급부상...'달리(DALL-E)'를 아시나요?
DALL-E 2 및 GPT-3 온라인 구매 프롬프트 등장…프롬프트당 1.99달러 판매
DALL-E에 '종말 전 셀카' 주문하니 오싹한 그림이…
"구루미, 한국마이크로소프트와 '챗GPT·DALL-E2' 생성 AI 더한 화상교육 플랫폼 개발 착수"
문장 입력하면 1.6초만에 이미지 생성…반려견 코 찍고 '개민증' 발급하는 시대
DALL-E 2의 상업적 사용 … 법적 문제 없나?
"""100만 명에게 AI 이미지 생성 제공""··· 오픈AI, DALL·E 2 베타 출시"
DALL-E 2의 편향 감소 및 안전성 향상
DALL-E와 경쟁할 이미지 생성 AI 또 등장
"""인공지능 Dall-E에 독창적 그림 그려달라는 요청 쏟아져"""
"[까다로운 IT] 완벽하게 그림 그리는 AI, DALL.E 2 작동 원리"
트위터 장악한 '달리 미니(DALL-E mini)'가 뭐길래?
"""붙이고, 자르고, 늘리고""...진화하는 DALL-E"
"""AI는 외계어를 사용한다""…DALL-E 2가 생성하는 비밀 언어"
"구글, 'DALL-E 2'와 경쟁하는 'Imagen' 발표"
"[기고] 그림 그리는 딥러닝 모델, DALL-E 2"
"Dall-E 말고 미드저니 말고 , 카카오 ‘비 에디트’"
"달리(DALL-E) 아성 넘는 LG, 초거대 멀티모달 '엑사원' 기반 연구 활발"
"""달리(DALL-E)만 있나?""...AI 아트 생성기 10선"
"오픈AI, 텍스트를 고해상도 이미지로 생성하는 AI 시스템 'DALL-E 2' 개발"
"Meet DALL-E, the A.I. That Draws Anything at Your Command"
인공지능 Dall-E의 섬뜩한 그림…딥페이크 식별 갈수록 어려워져
"그림 그리는 AI ‘DALL·E’, 저작권 문제 없을까?"
"[초점] 빅테크, 딥페이크 차단 경쟁...오픈AI, 선거에 챗GPT 사용 '원천봉쇄'"
"[이슈플러스]급팽창하는 생성형 AI 콘텐츠…저작권 문제, 수면 위로"
Multimodal AI race intensifies with OpenAI’s latest image generator
"오픈AI, 이미지 생성 AI 'DALLE 3' 발표..챗GPT와 통합, 프롬프트 창에서 입력하면 바로 이미지 뚝딱!"
"ChatGPT Can Now Generate Images, Too"
"네이버, 클로바X 플러그인 ‘스킬’ 대폭 확대…“쏘카에서 렌트한다”"
"AI 위협, 현실이 된 美대선… ‘바이든 딥페이크 음성’ 유포"
"인티그리트, 신개념 AI 하드웨어 '스텔라' 출시"
"오픈AI, 美 민주당 경선 후보 '챗봇' 차단…대선 관련 첫 조치"
DALL-E2 이용자 확대하고 유료화도 추진한다
"'XXXGPT', '챗GPT XXX' 누구나 쓴다!....美 특허청, 오픈 AI 'GPT '상표 등록 거부!!"
"“AI, 생일 축하 노래 만들어줘”"
자유시장 논리의 '무대포'…'기초학문' 붕괴한다
"[AI 리뷰] 오픈AI, 글 쓰는 GPT-3에서 진화... 텍스트 읽고 그림 그리는 AI 모델 'DALL·E' 및 'CLIP' 공개"
"오픈AI, 앤드류 응도 놀란 DALL·E 공개...GPT-3 원리로 획기적인 이미지 제작 혁신"
AI 위협 현실화된 美대선…‘바이든 딥페이크 음성’ 유포
Google Joins Effort to Help Spot Content Made With A.I.
"AI 예술, 첨단 기술과 만난 예술일까 무의미한 합성물일까"
오픈 AI CEO가 말하는 챗GPT의 매력 '무료'다
The Race to Prevent ‘the Worst Case Scenario for Machine Learning’
무서운 주사 알약으로…노보노디스크부터 셀트리온까지 제형 변경 도전
"누구나 크리에이티브 디렉터가 될 수 있는 시대… AI는 우리의 친구인가, 적인가 [박윤진_서울라이터]"
"MS, 정확도 조정 가능한 챗봇 '데우칼리온' 추가...""정확도 낮추면 창의적 글쓰기 가능"""
"문장 입력해 2초만에 '이미지' 뚝딱…ETRI, 초고속 생성형 시각지능 모델 공개"
[여기는 워싱턴] ﻿美 대선 AI 이용 딥페이크 혼란 현실로...진위 구분 불가 시대 예고
'팰월드' 성공이 말하는 것
"최고 팝스타 스위프트도 '딥페이크 성범죄' 피해... 미국 정계 ""강하게 규제해야"""
AI 창작물의 저작권은 누구에게 있을까
달리(DALL·E)
"오픈AI, 美 대선 개입 우려 해소 ‘총력’"
"인티그리트, 신개념 생성형 AI 하드웨어 ‘V스텔라’ 상용화"
복합문화공간 양주 헤세의 정원에서 만나는 AI와 인간이 함께 그린 '헤세의 정원 展'
"한국교원대 음악교육과 최진 교수, 한국명예위원으로 초청"
"현대차, 포뮬러 1 진출하나? 레이싱카 등장에 깜짝!"
AI로 뒤쫓는 MS·구글…클라우드 시장 지각변동
OpenAI's GPT Store and Politicians are Off-Limits
"[집중 리포트] 인공지능 활용, 어디까지 해봤니?"
AI 여자친구 속출‥GPT스토어 관리체계 '도마위'
